especie,luminosidad,humedad,temperatura,estado_salud
Orquídea (Orchidaceae),556.17,55.29,22.24,High Stress
Orquídea (Orchidaceae),596.14,63.95,21.71,High Stress
Orquídea (Orchidaceae),591.12,67.84,21.18,High Stress
Orquídea (Orchidaceae),241.41,58.19,22.59,High Stress
Orquídea (Orchidaceae),444.49,63.77,28.93,High Stress
Orquídea (Orchidaceae),496.23,46.39,24.36,High Stress
Orquídea (Orchidaceae),454.64,56.91,23.02,High Stress
Orquídea (Orchidaceae),455.7,56.33,20.2,Moderate Stress
Orquídea (Orchidaceae),635.06,47.54,25.47,High Stress
Orquídea (Orchidaceae),393.25,65.62,27.64,High Stress
Orquídea (Orchidaceae),482.25,56.82,25.93,Moderate Stress
Orquídea (Orchidaceae),763.54,58.53,23.99,Healthy
Orquídea (Orchidaceae),436.37,57.75,19.0,Moderate Stress
Orquídea (Orchidaceae),724.15,47.51,19.74,Moderate Stress
Orquídea (Orchidaceae),561.12,45.88,26.49,Moderate Stress
Orquídea (Orchidaceae),515.2,52.07,27.3,Moderate Stress
Orquídea (Orchidaceae),800.73,45.21,19.26,Moderate Stress
Orquídea (Orchidaceae),423.14,40.84,23.63,High Stress
Orquídea (Orchidaceae),203.5,61.67,29.39,Moderate Stress
Orquídea (Orchidaceae),395.19,40.67,22.37,Moderate Stress
Orquídea (Orchidaceae),735.68,63.7,28.42,Healthy
Orquídea (Orchidaceae),472.78,47.26,20.53,Healthy
Orquídea (Orchidaceae),427.27,62.83,29.19,Healthy
Orquídea (Orchidaceae),319.49,50.56,24.29,Healthy
Orquídea (Orchidaceae),867.7,63.68,25.55,Healthy
Orquídea (Orchidaceae),923.23,42.02,24.81,Moderate Stress
Orquídea (Orchidaceae),677.07,40.26,26.28,High Stress
Orquídea (Orchidaceae),339.88,44.47,19.03,Healthy
Orquídea (Orchidaceae),524.93,63.93,25.18,High Stress
Orquídea (Orchidaceae),508.25,42.41,21.95,High Stress
Orquídea (Orchidaceae),867.13,59.99,18.89,High Stress
Orquídea (Orchidaceae),607.14,69.69,21.65,Healthy
Orquídea (Orchidaceae),227.57,53.79,18.28,Healthy
Orquídea (Orchidaceae),302.88,51.54,22.06,High Stress
Orquídea (Orchidaceae),297.62,50.5,22.24,Healthy
Orquídea (Orchidaceae),577.37,66.15,27.42,Moderate Stress
Orquídea (Orchidaceae),222.83,66.98,29.59,High Stress
Orquídea (Orchidaceae),560.06,43.61,21.53,High Stress
Orquídea (Orchidaceae),735.85,50.63,24.78,High Stress
Orquídea (Orchidaceae),576.36,67.05,22.86,High Stress
Orquídea (Orchidaceae),547.14,44.81,18.09,High Stress
Orquídea (Orchidaceae),711.34,68.14,29.99,Healthy
Orquídea (Orchidaceae),441.96,56.05,20.15,High Stress
Orquídea (Orchidaceae),557.6,68.02,24.99,Moderate Stress
Orquídea (Orchidaceae),305.34,54.47,23.87,Healthy
Orquídea (Orchidaceae),599.1,53.38,29.97,Moderate Stress
Orquídea (Orchidaceae),333.83,61.67,28.83,Moderate Stress
Orquídea (Orchidaceae),327.49,47.97,28.11,High Stress
Orquídea (Orchidaceae),547.96,44.44,18.92,High Stress
Orquídea (Orchidaceae),443.66,67.35,22.56,Moderate Stress
Orquídea (Orchidaceae),361.56,69.49,19.47,Moderate Stress
Orquídea (Orchidaceae),509.36,41.14,26.73,High Stress
Orquídea (Orchidaceae),584.95,52.44,23.64,High Stress
Orquídea (Orchidaceae),251.47,68.75,20.38,Moderate Stress
Orquídea (Orchidaceae),997.72,51.04,20.78,High Stress
Orquídea (Orchidaceae),841.87,60.22,25.47,High Stress
Orquídea (Orchidaceae),827.29,42.27,28.44,Moderate Stress
Orquídea (Orchidaceae),466.47,47.19,27.29,Moderate Stress
Orquídea (Orchidaceae),446.74,58.64,18.7,Moderate Stress
Orquídea (Orchidaceae),711.55,51.71,22.68,Moderate Stress
Orquídea (Orchidaceae),757.16,46.6,18.3,High Stress
Orquídea (Orchidaceae),540.1,63.87,28.33,Healthy
Orquídea (Orchidaceae),811.95,59.18,29.13,High Stress
Orquídea (Orchidaceae),970.47,57.71,19.08,High Stress
Orquídea (Orchidaceae),430.35,66.88,22.16,Moderate Stress
Orquídea (Orchidaceae),361.88,62.77,21.62,High Stress
Orquídea (Orchidaceae),383.25,62.26,21.27,High Stress
Orquídea (Orchidaceae),971.31,53.18,27.31,High Stress
Orquídea (Orchidaceae),392.79,69.89,23.93,High Stress
Orquídea (Orchidaceae),342.63,43.27,26.01,High Stress
Orquídea (Orchidaceae),282.42,53.94,21.2,High Stress
Orquídea (Orchidaceae),901.87,48.64,21.61,Moderate Stress
Orquídea (Orchidaceae),458.44,55.95,26.87,Moderate Stress
Orquídea (Orchidaceae),279.9,40.09,20.25,Moderate Stress
Orquídea (Orchidaceae),506.0,44.31,27.72,High Stress
Orquídea (Orchidaceae),852.93,55.84,23.39,Moderate Stress
Orquídea (Orchidaceae),867.7,56.63,22.6,Healthy
Orquídea (Orchidaceae),970.14,58.78,26.52,Moderate Stress
Orquídea (Orchidaceae),895.66,68.03,21.2,Healthy
Orquídea (Orchidaceae),906.45,62.5,24.64,High Stress
Orquídea (Orchidaceae),416.68,45.74,23.04,High Stress
Orquídea (Orchidaceae),945.04,60.16,18.39,Moderate Stress
Orquídea (Orchidaceae),680.71,48.73,22.42,Moderate Stress
Orquídea (Orchidaceae),299.23,56.89,29.41,Moderate Stress
Orquídea (Orchidaceae),847.32,44.47,23.44,High Stress
Orquídea (Orchidaceae),586.95,58.89,23.56,High Stress
Orquídea (Orchidaceae),547.3,51.24,23.0,Moderate Stress
Orquídea (Orchidaceae),723.16,68.01,24.3,Moderate Stress
Orquídea (Orchidaceae),809.91,66.92,22.6,Healthy
Orquídea (Orchidaceae),724.44,56.79,27.47,High Stress
Orquídea (Orchidaceae),315.06,62.53,18.17,Healthy
Orquídea (Orchidaceae),981.55,41.61,24.42,Moderate Stress
Orquídea (Orchidaceae),995.53,54.62,20.61,High Stress
Orquídea (Orchidaceae),448.03,60.33,18.01,Moderate Stress
Orquídea (Orchidaceae),595.6,44.89,18.39,Moderate Stress
Orquídea (Orchidaceae),411.92,50.78,23.86,Moderate Stress
Orquídea (Orchidaceae),425.33,48.07,25.76,Moderate Stress
Orquídea (Orchidaceae),824.33,49.21,24.6,High Stress
Orquídea (Orchidaceae),808.92,54.5,26.76,Moderate Stress
Orquídea (Orchidaceae),204.55,68.88,27.04,High Stress
Orquídea (Orchidaceae),928.93,44.06,29.9,High Stress
Orquídea (Orchidaceae),469.57,69.38,24.96,Moderate Stress
Orquídea (Orchidaceae),495.07,63.08,25.14,High Stress
Orquídea (Orchidaceae),661.47,66.02,18.6,Moderate Stress
Orquídea (Orchidaceae),899.24,62.06,25.33,Moderate Stress
Orquídea (Orchidaceae),852.73,53.68,28.02,Moderate Stress
Orquídea (Orchidaceae),470.08,58.41,28.49,High Stress
Orquídea (Orchidaceae),506.97,44.66,28.63,Moderate Stress
Orquídea (Orchidaceae),364.68,41.13,22.66,High Stress
Orquídea (Orchidaceae),884.78,69.64,26.34,Healthy
Orquídea (Orchidaceae),652.19,54.31,18.02,Healthy
Orquídea (Orchidaceae),587.12,41.39,26.8,Healthy
Orquídea (Orchidaceae),482.41,61.84,25.75,Moderate Stress
Orquídea (Orchidaceae),607.4,43.82,27.56,Healthy
Orquídea (Orchidaceae),596.3,59.76,20.66,Moderate Stress
Orquídea (Orchidaceae),468.31,53.55,27.93,Healthy
Orquídea (Orchidaceae),683.08,61.81,23.45,Healthy
Orquídea (Orchidaceae),268.73,61.28,22.81,High Stress
Orquídea (Orchidaceae),760.43,63.83,19.16,Moderate Stress
Orquídea (Orchidaceae),872.32,42.96,22.8,Healthy
Helecho (Pteridophyta),846.82,66.29,20.22,High Stress
Helecho (Pteridophyta),980.28,51.41,28.68,High Stress
Helecho (Pteridophyta),276.26,66.77,28.76,High Stress
Helecho (Pteridophyta),970.14,52.97,23.19,Moderate Stress
Helecho (Pteridophyta),997.48,43.78,27.81,High Stress
Helecho (Pteridophyta),953.6,60.52,22.53,Healthy
Helecho (Pteridophyta),832.48,59.31,22.05,High Stress
Helecho (Pteridophyta),257.72,44.45,29.85,Moderate Stress
Helecho (Pteridophyta),502.88,50.51,27.19,Moderate Stress
Helecho (Pteridophyta),579.28,61.8,24.39,Moderate Stress
Helecho (Pteridophyta),222.93,47.17,19.81,High Stress
Helecho (Pteridophyta),252.32,44.24,19.94,Moderate Stress
Helecho (Pteridophyta),325.93,44.52,18.84,Moderate Stress
Helecho (Pteridophyta),336.3,65.41,21.13,Healthy
Helecho (Pteridophyta),483.95,54.9,26.1,High Stress
Helecho (Pteridophyta),643.14,41.13,22.64,High Stress
Helecho (Pteridophyta),782.2,60.49,25.01,Moderate Stress
Helecho (Pteridophyta),912.64,46.55,29.37,Healthy
Helecho (Pteridophyta),757.66,66.72,26.67,High Stress
Helecho (Pteridophyta),404.99,46.92,28.03,Moderate Stress
Helecho (Pteridophyta),692.44,49.21,29.59,Healthy
Helecho (Pteridophyta),471.86,68.1,29.01,Healthy
Helecho (Pteridophyta),304.05,52.82,20.97,Healthy
Helecho (Pteridophyta),496.7,63.01,28.58,Moderate Stress
Helecho (Pteridophyta),950.35,52.11,20.97,High Stress
Helecho (Pteridophyta),243.17,46.26,24.45,High Stress
Helecho (Pteridophyta),430.66,56.62,24.04,Moderate Stress
Helecho (Pteridophyta),837.14,48.73,27.79,Healthy
Helecho (Pteridophyta),924.28,53.89,24.78,High Stress
Helecho (Pteridophyta),684.92,44.57,27.73,Healthy
Helecho (Pteridophyta),412.6,42.64,28.38,Moderate Stress
Helecho (Pteridophyta),494.23,48.0,22.12,Healthy
Helecho (Pteridophyta),386.28,59.99,27.1,Healthy
Helecho (Pteridophyta),977.2,67.12,19.03,High Stress
Helecho (Pteridophyta),843.58,52.11,27.77,Healthy
Helecho (Pteridophyta),714.6,61.06,22.72,Healthy
Helecho (Pteridophyta),833.15,54.95,29.05,High Stress
Helecho (Pteridophyta),625.22,47.82,27.87,Healthy
Helecho (Pteridophyta),737.98,57.95,25.54,High Stress
Helecho (Pteridophyta),664.92,61.94,26.91,Healthy
Helecho (Pteridophyta),247.85,47.44,21.37,High Stress
Helecho (Pteridophyta),624.27,59.31,29.97,High Stress
Helecho (Pteridophyta),580.53,69.28,21.64,Moderate Stress
Helecho (Pteridophyta),203.69,49.21,25.91,High Stress
Helecho (Pteridophyta),845.74,58.33,25.18,Moderate Stress
Helecho (Pteridophyta),466.54,67.95,22.98,Healthy
Helecho (Pteridophyta),414.96,62.28,26.9,High Stress
Helecho (Pteridophyta),452.92,44.86,23.89,Moderate Stress
Helecho (Pteridophyta),905.27,57.02,26.77,High Stress
Helecho (Pteridophyta),532.53,63.1,18.59,High Stress
Helecho (Pteridophyta),838.24,46.37,23.41,Moderate Stress
Helecho (Pteridophyta),272.11,50.84,19.23,Healthy
Helecho (Pteridophyta),257.72,69.17,28.19,Healthy
Helecho (Pteridophyta),327.24,41.89,27.85,High Stress
Helecho (Pteridophyta),238.49,49.87,20.49,High Stress
Helecho (Pteridophyta),658.86,57.37,22.4,Healthy
Helecho (Pteridophyta),329.18,66.26,19.24,Moderate Stress
Helecho (Pteridophyta),209.93,50.55,26.74,High Stress
Helecho (Pteridophyta),741.99,68.73,24.4,Moderate Stress
Helecho (Pteridophyta),792.51,64.72,22.54,Moderate Stress
Helecho (Pteridophyta),991.78,52.44,23.56,Healthy
Helecho (Pteridophyta),902.48,64.75,21.24,High Stress
Helecho (Pteridophyta),564.13,46.87,27.39,Healthy
Helecho (Pteridophyta),538.41,68.5,24.3,Healthy
Helecho (Pteridophyta),640.75,45.95,23.39,High Stress
Helecho (Pteridophyta),646.12,51.41,20.56,Moderate Stress
Helecho (Pteridophyta),974.54,46.12,22.33,Moderate Stress
Helecho (Pteridophyta),513.76,66.27,22.59,High Stress
Helecho (Pteridophyta),311.06,40.64,29.01,Moderate Stress
Helecho (Pteridophyta),481.77,41.19,21.43,High Stress
Helecho (Pteridophyta),838.58,51.42,20.81,High Stress
Helecho (Pteridophyta),373.92,40.85,24.35,High Stress
Helecho (Pteridophyta),925.03,68.55,25.87,High Stress
Helecho (Pteridophyta),549.28,67.82,25.69,High Stress
Helecho (Pteridophyta),411.64,41.09,28.69,High Stress
Helecho (Pteridophyta),915.17,45.1,23.85,High Stress
Helecho (Pteridophyta),604.22,42.02,23.9,High Stress
Helecho (Pteridophyta),373.75,47.88,27.51,Healthy
Helecho (Pteridophyta),812.73,42.56,21.38,Healthy
Helecho (Pteridophyta),361.4,68.15,18.77,High Stress
Helecho (Pteridophyta),218.4,52.68,28.49,High Stress
Helecho (Pteridophyta),856.53,58.3,25.64,High Stress
Helecho (Pteridophyta),874.15,43.45,18.88,Moderate Stress
Helecho (Pteridophyta),566.72,53.39,19.1,Healthy
Helecho (Pteridophyta),366.67,41.78,29.79,High Stress
Helecho (Pteridophyta),227.35,49.14,28.51,Healthy
Helecho (Pteridophyta),625.15,69.24,29.41,Healthy
Helecho (Pteridophyta),925.62,46.31,24.7,Moderate Stress
Helecho (Pteridophyta),209.54,41.37,28.1,Healthy
Helecho (Pteridophyta),839.05,57.38,25.6,High Stress
Helecho (Pteridophyta),689.94,68.92,18.12,Moderate Stress
Helecho (Pteridophyta),863.48,51.66,23.1,Healthy
Helecho (Pteridophyta),369.7,67.9,29.26,Healthy
Helecho (Pteridophyta),716.76,53.86,28.19,High Stress
Helecho (Pteridophyta),336.36,46.93,21.57,Moderate Stress
Helecho (Pteridophyta),305.78,54.73,18.93,Healthy
Helecho (Pteridophyta),955.51,41.66,29.81,Moderate Stress
Helecho (Pteridophyta),329.48,64.29,21.43,High Stress
Helecho (Pteridophyta),937.45,61.29,18.14,Moderate Stress
Helecho (Pteridophyta),235.06,41.19,25.11,High Stress
Helecho (Pteridophyta),587.56,64.06,28.66,Moderate Stress
Helecho (Pteridophyta),430.01,47.61,29.55,High Stress
Helecho (Pteridophyta),336.91,66.36,27.7,High Stress
Helecho (Pteridophyta),822.8,68.23,29.12,High Stress
Helecho (Pteridophyta),870.54,48.22,24.82,High Stress
Helecho (Pteridophyta),590.13,52.01,23.86,High Stress
Helecho (Pteridophyta),815.89,61.47,21.19,Moderate Stress
Helecho (Pteridophyta),934.32,52.88,18.78,Healthy
Helecho (Pteridophyta),727.99,44.12,22.0,Healthy
Helecho (Pteridophyta),497.77,41.56,24.49,High Stress
Helecho (Pteridophyta),770.18,57.15,20.65,High Stress
Helecho (Pteridophyta),273.06,56.68,26.41,Healthy
Helecho (Pteridophyta),675.85,69.32,26.74,Healthy
Helecho (Pteridophyta),762.74,56.18,25.89,Moderate Stress
Helecho (Pteridophyta),934.47,44.46,28.13,Moderate Stress
Helecho (Pteridophyta),551.03,64.71,26.26,Healthy
Helecho (Pteridophyta),934.67,41.14,23.31,High Stress
Helecho (Pteridophyta),245.02,44.85,20.19,High Stress
Helecho (Pteridophyta),687.64,45.49,29.33,High Stress
Helecho (Pteridophyta),587.25,46.24,19.77,Healthy
Cactus (Cactaceae),472.84,45.28,18.41,Healthy
Cactus (Cactaceae),559.16,47.63,25.7,Moderate Stress
Cactus (Cactaceae),370.36,48.35,25.03,Healthy
Cactus (Cactaceae),613.63,56.33,27.45,Moderate Stress
Cactus (Cactaceae),457.98,45.0,23.92,Moderate Stress
Cactus (Cactaceae),845.6,63.45,20.92,High Stress
Cactus (Cactaceae),287.88,45.58,27.12,Healthy
Cactus (Cactaceae),325.58,65.91,21.7,Moderate Stress
Cactus (Cactaceae),889.01,64.66,25.29,Moderate Stress
Cactus (Cactaceae),575.96,46.57,27.11,Moderate Stress
Cactus (Cactaceae),407.83,58.99,25.15,High Stress
Cactus (Cactaceae),655.64,52.58,28.35,Healthy
Cactus (Cactaceae),867.7,49.5,27.97,Moderate Stress
Cactus (Cactaceae),335.35,56.03,19.05,Healthy
Cactus (Cactaceae),531.19,41.97,20.94,Healthy
Cactus (Cactaceae),726.09,57.84,27.08,High Stress
Cactus (Cactaceae),789.87,68.33,29.84,Moderate Stress
Cactus (Cactaceae),201.74,51.95,27.41,Moderate Stress
Cactus (Cactaceae),505.45,61.47,21.88,Moderate Stress
Cactus (Cactaceae),913.27,56.19,18.08,High Stress
Cactus (Cactaceae),809.75,46.46,28.07,Moderate Stress
Cactus (Cactaceae),959.67,54.13,24.57,Moderate Stress
Cactus (Cactaceae),910.38,64.39,21.6,Moderate Stress
Cactus (Cactaceae),598.34,64.08,29.16,High Stress
Cactus (Cactaceae),792.77,69.01,21.45,Moderate Stress
Cactus (Cactaceae),815.11,66.84,25.94,High Stress
Cactus (Cactaceae),469.31,66.59,21.16,Healthy
Cactus (Cactaceae),401.46,47.19,23.6,Healthy
Cactus (Cactaceae),960.17,49.8,28.09,High Stress
Cactus (Cactaceae),289.96,60.3,27.39,High Stress
Cactus (Cactaceae),951.03,57.14,20.34,Healthy
Cactus (Cactaceae),992.07,57.92,20.86,Moderate Stress
Cactus (Cactaceae),669.26,44.23,21.83,Moderate Stress
Cactus (Cactaceae),942.64,54.82,19.62,Healthy
Cactus (Cactaceae),653.93,45.33,19.38,Moderate Stress
Cactus (Cactaceae),508.28,63.83,29.13,Healthy
Cactus (Cactaceae),872.48,57.75,20.2,High Stress
Cactus (Cactaceae),919.69,63.13,21.86,Healthy
Cactus (Cactaceae),656.71,54.86,19.55,Moderate Stress
Cactus (Cactaceae),400.48,61.11,21.63,Moderate Stress
Cactus (Cactaceae),559.76,53.1,23.8,Moderate Stress
Cactus (Cactaceae),334.64,53.43,18.67,High Stress
Cactus (Cactaceae),942.3,47.96,21.61,Moderate Stress
Cactus (Cactaceae),753.84,62.01,25.02,High Stress
Cactus (Cactaceae),398.74,51.85,24.04,Healthy
Cactus (Cactaceae),889.02,60.04,21.25,High Stress
Cactus (Cactaceae),819.53,69.81,29.41,Healthy
Cactus (Cactaceae),543.41,60.76,19.68,Moderate Stress
Cactus (Cactaceae),748.67,68.49,23.33,High Stress
Cactus (Cactaceae),272.65,50.52,26.58,Healthy
Cactus (Cactaceae),407.38,54.71,26.43,Moderate Stress
Cactus (Cactaceae),810.47,43.56,26.31,Healthy
Cactus (Cactaceae),701.91,53.83,28.2,Healthy
Cactus (Cactaceae),719.89,54.67,28.7,High Stress
Cactus (Cactaceae),443.32,47.39,22.9,High Stress
Cactus (Cactaceae),626.81,59.58,26.63,Healthy
Cactus (Cactaceae),813.05,41.09,26.42,High Stress
Cactus (Cactaceae),672.1,56.49,28.83,High Stress
Cactus (Cactaceae),823.19,43.9,26.57,Moderate Stress
Cactus (Cactaceae),987.3,65.41,26.72,Healthy
Cactus (Cactaceae),987.21,40.7,26.42,Moderate Stress
Cactus (Cactaceae),325.96,65.74,26.74,High Stress
Cactus (Cactaceae),705.62,66.12,22.21,High Stress
Cactus (Cactaceae),572.75,62.32,21.7,Moderate Stress
Cactus (Cactaceae),944.83,49.62,24.11,Healthy
Cactus (Cactaceae),693.13,46.52,21.8,Moderate Stress
Cactus (Cactaceae),999.15,61.35,27.59,High Stress
Cactus (Cactaceae),235.7,68.85,21.34,Healthy
Cactus (Cactaceae),973.43,44.2,24.4,Moderate Stress
Cactus (Cactaceae),953.52,61.48,27.4,High Stress
Cactus (Cactaceae),409.43,52.32,23.38,Healthy
Cactus (Cactaceae),920.42,52.16,23.37,High Stress
Cactus (Cactaceae),828.87,62.08,26.69,High Stress
Cactus (Cactaceae),348.18,44.89,20.75,Healthy
Cactus (Cactaceae),555.96,67.78,26.44,Moderate Stress
Cactus (Cactaceae),386.46,62.17,26.48,Healthy
Cactus (Cactaceae),277.28,48.54,28.04,High Stress
Cactus (Cactaceae),992.41,54.62,20.19,High Stress
Cactus (Cactaceae),761.59,58.88,19.91,Moderate Stress
Cactus (Cactaceae),214.47,45.78,24.9,Moderate Stress
Cactus (Cactaceae),702.62,67.09,19.14,Healthy
Cactus (Cactaceae),787.03,61.37,18.73,Healthy
Cactus (Cactaceae),449.94,53.38,25.28,Moderate Stress
Cactus (Cactaceae),590.73,53.86,21.03,High Stress
Cactus (Cactaceae),501.12,47.87,23.79,High Stress
Cactus (Cactaceae),978.34,47.26,20.14,Moderate Stress
Cactus (Cactaceae),742.27,44.9,21.41,High Stress
Cactus (Cactaceae),485.8,63.24,27.55,Moderate Stress
Cactus (Cactaceae),296.49,41.71,28.47,Healthy
Cactus (Cactaceae),232.56,52.42,22.38,Moderate Stress
Cactus (Cactaceae),699.51,61.93,18.88,High Stress
Cactus (Cactaceae),875.45,46.46,25.81,High Stress
Cactus (Cactaceae),741.89,68.46,20.71,Healthy
Cactus (Cactaceae),809.25,53.72,27.74,High Stress
Cactus (Cactaceae),678.84,57.34,27.35,High Stress
Cactus (Cactaceae),387.32,60.79,24.34,Healthy
Cactus (Cactaceae),981.95,43.8,21.84,High Stress
Cactus (Cactaceae),380.77,55.71,25.82,Healthy
Cactus (Cactaceae),403.84,40.51,29.38,Moderate Stress
Cactus (Cactaceae),372.25,48.03,18.97,Healthy
Cactus (Cactaceae),309.21,57.27,25.02,Healthy
Cactus (Cactaceae),226.9,68.38,28.05,High Stress
Cactus (Cactaceae),440.3,63.29,19.5,Moderate Stress
Cactus (Cactaceae),285.41,56.94,28.09,Healthy
Cactus (Cactaceae),281.77,69.44,29.31,Healthy
Cactus (Cactaceae),616.41,55.29,27.22,Healthy
Cactus (Cactaceae),472.69,55.73,27.65,High Stress
Cactus (Cactaceae),350.04,45.72,27.92,High Stress
Cactus (Cactaceae),425.25,46.35,28.42,Moderate Stress
Cactus (Cactaceae),510.39,56.9,27.91,Healthy
Cactus (Cactaceae),649.32,65.14,20.83,Moderate Stress
Cactus (Cactaceae),547.3,67.18,29.04,High Stress
Cactus (Cactaceae),673.51,42.87,24.98,Healthy
Cactus (Cactaceae),436.32,44.63,27.9,High Stress
Cactus (Cactaceae),483.89,53.22,29.18,High Stress
Cactus (Cactaceae),634.44,44.86,18.57,Healthy
Cactus (Cactaceae),919.83,52.06,21.89,High Stress
Cactus (Cactaceae),820.62,51.8,28.11,Healthy
Cactus (Cactaceae),786.98,44.25,21.96,High Stress
Cactus (Cactaceae),534.99,65.87,21.55,Moderate Stress
Girasol (Helianthus annuus),839.61,47.47,26.85,Healthy
Girasol (Helianthus annuus),549.6,67.35,24.26,High Stress
Girasol (Helianthus annuus),802.89,43.21,21.05,Moderate Stress
Girasol (Helianthus annuus),761.94,67.0,26.54,Healthy
Girasol (Helianthus annuus),750.65,65.17,25.15,Moderate Stress
Girasol (Helianthus annuus),486.35,53.34,23.1,Healthy
Girasol (Helianthus annuus),375.46,41.24,24.66,Moderate Stress
Girasol (Helianthus annuus),874.78,50.07,25.15,Moderate Stress
Girasol (Helianthus annuus),306.37,67.34,21.0,High Stress
Girasol (Helianthus annuus),583.05,62.18,29.31,Moderate Stress
Girasol (Helianthus annuus),769.36,50.07,24.89,Moderate Stress
Girasol (Helianthus annuus),534.5,47.07,27.6,Moderate Stress
Girasol (Helianthus annuus),588.76,57.87,19.99,Moderate Stress
Girasol (Helianthus annuus),501.15,40.42,26.01,High Stress
Girasol (Helianthus annuus),742.05,54.33,28.82,Healthy
Girasol (Helianthus annuus),991.24,67.9,19.95,Healthy
Girasol (Helianthus annuus),690.84,63.79,26.16,Moderate Stress
Girasol (Helianthus annuus),920.21,48.59,20.36,Moderate Stress
Girasol (Helianthus annuus),208.34,45.72,20.63,Healthy
Girasol (Helianthus annuus),819.12,41.0,18.22,High Stress
Girasol (Helianthus annuus),465.68,51.11,27.31,Healthy
Girasol (Helianthus annuus),239.69,42.05,28.09,High Stress
Girasol (Helianthus annuus),864.89,60.59,27.16,Healthy
Girasol (Helianthus annuus),422.27,54.64,28.66,Moderate Stress
Girasol (Helianthus annuus),246.49,62.78,22.54,High Stress
Girasol (Helianthus annuus),362.72,46.26,21.58,Healthy
Girasol (Helianthus annuus),932.82,56.25,26.63,Moderate Stress
Girasol (Helianthus annuus),818.37,64.56,23.05,Moderate Stress
Girasol (Helianthus annuus),910.67,42.43,21.52,Moderate Stress
Girasol (Helianthus annuus),949.64,41.85,28.41,Moderate Stress
Girasol (Helianthus annuus),725.83,40.03,28.76,Moderate Stress
Girasol (Helianthus annuus),929.61,47.5,18.71,High Stress
Girasol (Helianthus annuus),482.29,40.9,20.72,High Stress
Girasol (Helianthus annuus),760.3,40.31,29.78,High Stress
Girasol (Helianthus annuus),685.81,69.09,21.79,Moderate Stress
Girasol (Helianthus annuus),794.4,45.59,18.48,Moderate Stress
Girasol (Helianthus annuus),768.22,50.63,28.08,High Stress
Girasol (Helianthus annuus),391.66,68.61,18.74,High Stress
Girasol (Helianthus annuus),560.85,66.45,19.12,Healthy
Girasol (Helianthus annuus),959.99,62.87,19.96,Healthy
Girasol (Helianthus annuus),982.28,68.42,22.68,High Stress
Girasol (Helianthus annuus),357.98,64.86,22.27,High Stress
Girasol (Helianthus annuus),757.14,63.09,25.12,Healthy
Girasol (Helianthus annuus),407.85,50.25,29.06,Healthy
Girasol (Helianthus annuus),387.79,61.51,22.53,High Stress
Girasol (Helianthus annuus),557.37,69.63,26.35,Healthy
Girasol (Helianthus annuus),387.62,63.92,21.69,Healthy
Girasol (Helianthus annuus),914.12,61.37,29.69,Moderate Stress
Girasol (Helianthus annuus),868.14,42.63,23.0,Healthy
Girasol (Helianthus annuus),282.2,64.13,25.49,High Stress
Girasol (Helianthus annuus),492.03,41.03,21.71,Moderate Stress
Girasol (Helianthus annuus),576.08,50.51,26.34,Healthy
Girasol (Helianthus annuus),549.19,61.09,19.85,Healthy
Girasol (Helianthus annuus),253.2,68.42,25.84,Healthy
Girasol (Helianthus annuus),762.3,47.56,21.46,Healthy
Girasol (Helianthus annuus),365.65,64.34,22.8,High Stress
Girasol (Helianthus annuus),895.46,66.85,20.1,High Stress
Girasol (Helianthus annuus),267.33,49.32,20.62,Moderate Stress
Girasol (Helianthus annuus),695.71,48.71,29.16,High Stress
Girasol (Helianthus annuus),410.61,61.31,24.55,Moderate Stress
Girasol (Helianthus annuus),524.48,64.57,21.57,Moderate Stress
Girasol (Helianthus annuus),941.47,40.12,19.9,High Stress
Girasol (Helianthus annuus),360.07,63.31,25.62,High Stress
Girasol (Helianthus annuus),333.33,65.95,21.57,Healthy
Girasol (Helianthus annuus),577.15,61.48,22.98,High Stress
Girasol (Helianthus annuus),307.99,65.89,18.11,High Stress
Girasol (Helianthus annuus),467.85,60.85,24.42,Moderate Stress
Girasol (Helianthus annuus),712.78,46.63,29.77,Healthy
Girasol (Helianthus annuus),604.16,60.88,18.47,High Stress
Girasol (Helianthus annuus),833.04,53.72,18.11,High Stress
Girasol (Helianthus annuus),688.46,54.58,29.03,High Stress
Girasol (Helianthus annuus),556.7,54.62,19.53,Healthy
Girasol (Helianthus annuus),764.11,40.45,26.96,Moderate Stress
Girasol (Helianthus annuus),996.07,40.87,20.76,Healthy
Girasol (Helianthus annuus),457.07,65.22,26.41,High Stress
Girasol (Helianthus annuus),523.11,51.0,27.63,Moderate Stress
Girasol (Helianthus annuus),533.81,57.74,22.48,High Stress
Girasol (Helianthus annuus),658.53,40.79,25.8,Moderate Stress
Girasol (Helianthus annuus),537.19,44.84,25.87,High Stress
Girasol (Helianthus annuus),557.27,49.14,29.03,Moderate Stress
Girasol (Helianthus annuus),639.02,63.86,23.66,Healthy
Girasol (Helianthus annuus),809.5,45.64,25.27,High Stress
Girasol (Helianthus annuus),855.97,41.42,18.93,High Stress
Girasol (Helianthus annuus),561.35,51.02,19.55,Moderate Stress
Girasol (Helianthus annuus),627.8,46.67,21.1,High Stress
Girasol (Helianthus annuus),493.75,43.13,19.38,High Stress
Girasol (Helianthus annuus),584.7,53.33,23.04,Moderate Stress
Girasol (Helianthus annuus),204.47,55.78,24.41,Moderate Stress
Girasol (Helianthus annuus),685.25,54.49,29.68,Moderate Stress
Girasol (Helianthus annuus),858.48,60.29,18.84,Healthy
Girasol (Helianthus annuus),975.04,55.98,28.24,High Stress
Girasol (Helianthus annuus),622.93,58.67,21.1,Moderate Stress
Girasol (Helianthus annuus),860.96,57.27,24.85,Moderate Stress
Girasol (Helianthus annuus),529.58,63.09,26.47,High Stress
Girasol (Helianthus annuus),517.2,51.59,26.48,Moderate Stress
Girasol (Helianthus annuus),493.72,40.58,20.51,High Stress
Girasol (Helianthus annuus),690.1,48.34,19.1,High Stress
Girasol (Helianthus annuus),442.86,69.93,26.38,High Stress
Girasol (Helianthus annuus),342.53,60.14,23.89,Moderate Stress
Girasol (Helianthus annuus),900.81,61.6,28.25,Moderate Stress
Girasol (Helianthus annuus),873.51,61.68,23.62,Moderate Stress
Girasol (Helianthus annuus),523.15,45.91,18.74,High Stress
Girasol (Helianthus annuus),763.29,63.38,29.73,Moderate Stress
Girasol (Helianthus annuus),707.87,55.95,20.59,Moderate Stress
Girasol (Helianthus annuus),798.84,51.16,28.64,Moderate Stress
Girasol (Helianthus annuus),754.06,40.39,25.61,Moderate Stress
Girasol (Helianthus annuus),483.59,50.98,23.76,Moderate Stress
Girasol (Helianthus annuus),317.15,56.13,18.93,High Stress
Girasol (Helianthus annuus),899.63,50.71,25.06,Moderate Stress
Girasol (Helianthus annuus),692.48,58.81,28.37,High Stress
Girasol (Helianthus annuus),712.29,66.25,27.42,Healthy
Girasol (Helianthus annuus),381.81,52.91,26.45,Moderate Stress
Girasol (Helianthus annuus),692.56,63.69,19.84,High Stress
Girasol (Helianthus annuus),412.4,53.09,21.73,Healthy
Girasol (Helianthus annuus),872.05,64.1,25.45,High Stress
Girasol (Helianthus annuus),600.91,57.69,22.56,High Stress
Girasol (Helianthus annuus),928.01,49.94,24.56,High Stress
Girasol (Helianthus annuus),566.6,67.9,22.63,High Stress
Girasol (Helianthus annuus),383.94,57.8,25.51,Moderate Stress
Girasol (Helianthus annuus),221.78,61.98,28.65,High Stress
Suculenta (Echeveria),800.29,54.42,22.66,High Stress
Suculenta (Echeveria),258.11,66.47,29.98,Moderate Stress
Suculenta (Echeveria),269.12,44.91,26.36,Moderate Stress
Suculenta (Echeveria),513.12,47.47,27.38,Moderate Stress
Suculenta (Echeveria),920.13,62.05,25.15,Moderate Stress
Suculenta (Echeveria),918.75,45.3,27.29,High Stress
Suculenta (Echeveria),919.17,61.09,21.21,High Stress
Suculenta (Echeveria),253.49,54.04,23.3,Moderate Stress
Suculenta (Echeveria),901.29,67.13,26.08,Moderate Stress
Suculenta (Echeveria),683.33,62.36,26.32,High Stress
Suculenta (Echeveria),890.0,59.57,23.57,Healthy
Suculenta (Echeveria),639.01,48.47,18.79,High Stress
Suculenta (Echeveria),955.09,44.48,27.79,Healthy
Suculenta (Echeveria),385.0,66.67,26.96,Moderate Stress
Suculenta (Echeveria),732.91,55.07,25.22,Moderate Stress
Suculenta (Echeveria),816.04,65.36,19.05,High Stress
Suculenta (Echeveria),298.27,51.43,18.32,Moderate Stress
Suculenta (Echeveria),782.06,68.53,29.89,Moderate Stress
Suculenta (Echeveria),657.57,50.27,19.64,High Stress
Suculenta (Echeveria),957.8,47.89,20.35,Moderate Stress
Suculenta (Echeveria),511.01,45.08,22.24,High Stress
Suculenta (Echeveria),719.86,62.62,24.06,High Stress
Suculenta (Echeveria),359.02,66.01,19.53,Healthy
Suculenta (Echeveria),732.95,45.4,29.64,Healthy
Suculenta (Echeveria),742.37,61.79,24.59,High Stress
Suculenta (Echeveria),867.18,60.02,25.73,Healthy
Suculenta (Echeveria),755.99,47.0,29.29,Moderate Stress
Suculenta (Echeveria),856.36,62.1,19.55,Moderate Stress
Suculenta (Echeveria),305.29,42.7,26.32,Moderate Stress
Suculenta (Echeveria),453.32,63.67,21.54,High Stress
Suculenta (Echeveria),471.31,45.58,28.36,High Stress
Suculenta (Echeveria),674.07,66.62,22.84,Moderate Stress
Suculenta (Echeveria),873.04,47.95,20.28,Healthy
Suculenta (Echeveria),283.11,61.9,19.04,High Stress
Suculenta (Echeveria),857.38,47.72,28.05,Healthy
Suculenta (Echeveria),224.77,42.3,28.17,Healthy
Suculenta (Echeveria),412.81,42.58,22.48,Healthy
Suculenta (Echeveria),508.0,46.34,29.64,High Stress
Suculenta (Echeveria),291.6,63.49,25.68,Healthy
Suculenta (Echeveria),936.41,41.04,23.01,High Stress
Suculenta (Echeveria),406.48,60.72,20.88,Moderate Stress
Suculenta (Echeveria),216.16,61.87,25.77,Moderate Stress
Suculenta (Echeveria),768.58,46.49,24.76,High Stress
Suculenta (Echeveria),951.15,51.7,27.8,Healthy
Suculenta (Echeveria),974.64,52.7,26.64,High Stress
Suculenta (Echeveria),668.35,66.94,22.59,Moderate Stress
Suculenta (Echeveria),800.74,68.35,19.98,Moderate Stress
Suculenta (Echeveria),335.3,62.93,20.08,Healthy
Suculenta (Echeveria),310.86,42.08,19.4,Moderate Stress
Suculenta (Echeveria),398.78,52.92,20.52,Moderate Stress
Suculenta (Echeveria),250.72,67.7,22.16,Healthy
Suculenta (Echeveria),806.95,48.24,20.12,High Stress
Suculenta (Echeveria),403.37,69.42,25.0,Moderate Stress
Suculenta (Echeveria),663.1,44.03,24.31,Moderate Stress
Suculenta (Echeveria),805.73,68.49,29.82,Moderate Stress
Suculenta (Echeveria),999.66,65.24,19.52,High Stress
Suculenta (Echeveria),413.92,62.27,21.92,High Stress
Suculenta (Echeveria),813.06,46.47,28.48,High Stress
Suculenta (Echeveria),235.66,65.06,19.93,Moderate Stress
Suculenta (Echeveria),242.54,68.21,28.42,Moderate Stress
Suculenta (Echeveria),544.35,54.71,22.34,High Stress
Suculenta (Echeveria),899.67,61.67,22.86,Moderate Stress
Suculenta (Echeveria),278.72,62.42,26.88,Moderate Stress
Suculenta (Echeveria),918.3,62.93,22.57,High Stress
Suculenta (Echeveria),705.64,46.75,27.73,Healthy
Suculenta (Echeveria),760.26,56.73,18.32,High Stress
Suculenta (Echeveria),563.07,43.77,28.29,High Stress
Suculenta (Echeveria),809.87,54.83,26.78,High Stress
Suculenta (Echeveria),966.51,41.93,18.46,Healthy
Suculenta (Echeveria),735.34,42.42,23.2,High Stress
Suculenta (Echeveria),601.78,65.9,18.79,High Stress
Suculenta (Echeveria),552.47,69.29,18.7,High Stress
Suculenta (Echeveria),790.41,45.16,22.56,Healthy
Suculenta (Echeveria),854.61,48.14,21.24,Healthy
Suculenta (Echeveria),436.87,46.48,24.61,Healthy
Suculenta (Echeveria),558.25,53.96,26.63,High Stress
Suculenta (Echeveria),726.56,51.89,22.82,Healthy
Suculenta (Echeveria),434.53,54.93,22.28,Moderate Stress
Suculenta (Echeveria),756.84,50.36,23.25,High Stress
Suculenta (Echeveria),908.55,52.29,22.52,High Stress
Suculenta (Echeveria),872.56,65.71,19.59,Moderate Stress
Suculenta (Echeveria),473.63,51.07,24.62,Moderate Stress
Suculenta (Echeveria),453.8,44.0,25.25,High Stress
Suculenta (Echeveria),577.65,47.07,19.54,Moderate Stress
Suculenta (Echeveria),627.09,61.72,23.35,Healthy
Suculenta (Echeveria),799.91,65.04,21.64,High Stress
Suculenta (Echeveria),463.98,61.06,25.67,Moderate Stress
Suculenta (Echeveria),928.39,68.62,22.65,High Stress
Suculenta (Echeveria),252.26,54.48,26.45,Healthy
Suculenta (Echeveria),733.5,60.82,29.93,Healthy
Suculenta (Echeveria),717.01,55.41,21.03,Moderate Stress
Suculenta (Echeveria),779.51,65.75,27.27,Healthy
Suculenta (Echeveria),940.32,68.57,24.06,Moderate Stress
Suculenta (Echeveria),377.65,56.51,26.81,Healthy
Suculenta (Echeveria),593.38,64.7,24.81,Moderate Stress
Suculenta (Echeveria),474.38,46.78,19.65,High Stress
Suculenta (Echeveria),442.46,59.05,28.05,Healthy
Suculenta (Echeveria),910.39,52.82,20.55,High Stress
Suculenta (Echeveria),909.69,61.91,26.69,Healthy
Suculenta (Echeveria),819.7,50.31,26.79,High Stress
Suculenta (Echeveria),271.05,48.86,23.76,High Stress
Suculenta (Echeveria),580.18,46.69,28.52,High Stress
Suculenta (Echeveria),677.54,54.4,26.26,High Stress
Suculenta (Echeveria),782.73,56.66,19.3,High Stress
Suculenta (Echeveria),771.61,49.62,29.65,High Stress
Suculenta (Echeveria),691.44,56.87,25.17,Moderate Stress
Suculenta (Echeveria),975.31,44.88,27.67,High Stress
Suculenta (Echeveria),613.54,54.22,27.85,High Stress
Suculenta (Echeveria),759.83,47.45,26.35,Healthy
Suculenta (Echeveria),261.76,46.38,19.03,High Stress
Suculenta (Echeveria),848.79,62.46,28.92,Moderate Stress
Suculenta (Echeveria),681.08,65.4,24.59,Moderate Stress
Suculenta (Echeveria),868.74,63.39,22.39,Moderate Stress
Suculenta (Echeveria),886.41,56.42,28.26,High Stress
Suculenta (Echeveria),745.1,42.14,20.89,High Stress
Suculenta (Echeveria),571.88,59.01,23.96,Moderate Stress
Suculenta (Echeveria),349.46,49.08,27.64,High Stress
Suculenta (Echeveria),605.2,57.11,27.77,Healthy
Suculenta (Echeveria),638.51,43.18,26.38,Healthy
Suculenta (Echeveria),558.57,49.17,25.97,High Stress
Tomate (Solanum lycopersicum),210.67,43.86,27.64,High Stress
Tomate (Solanum lycopersicum),931.51,54.0,29.42,Moderate Stress
Tomate (Solanum lycopersicum),869.7,49.6,21.99,Moderate Stress
Tomate (Solanum lycopersicum),543.35,67.38,19.84,Healthy
Tomate (Solanum lycopersicum),359.67,63.87,28.28,High Stress
Tomate (Solanum lycopersicum),740.11,62.58,21.09,Moderate Stress
Tomate (Solanum lycopersicum),805.2,49.87,20.45,Healthy
Tomate (Solanum lycopersicum),291.69,65.54,29.77,High Stress
Tomate (Solanum lycopersicum),591.59,41.61,21.26,Moderate Stress
Tomate (Solanum lycopersicum),960.32,66.85,25.86,Healthy
Tomate (Solanum lycopersicum),595.58,51.41,23.61,Moderate Stress
Tomate (Solanum lycopersicum),597.43,60.88,22.31,Moderate Stress
Tomate (Solanum lycopersicum),672.87,67.06,28.68,Healthy
Tomate (Solanum lycopersicum),681.44,59.08,24.38,Moderate Stress
Tomate (Solanum lycopersicum),514.01,49.72,28.93,Healthy
Tomate (Solanum lycopersicum),806.17,59.27,18.26,High Stress
Tomate (Solanum lycopersicum),567.15,57.83,18.14,Moderate Stress
Tomate (Solanum lycopersicum),826.01,42.69,29.85,High Stress
Tomate (Solanum lycopersicum),498.04,43.5,18.49,Moderate Stress
Tomate (Solanum lycopersicum),523.26,47.48,18.4,Healthy
Tomate (Solanum lycopersicum),515.6,65.57,21.03,High Stress
Tomate (Solanum lycopersicum),483.38,57.2,23.08,Healthy
Tomate (Solanum lycopersicum),778.34,49.69,27.1,High Stress
Tomate (Solanum lycopersicum),577.69,40.04,18.05,High Stress
Tomate (Solanum lycopersicum),401.79,45.55,25.5,High Stress
Tomate (Solanum lycopersicum),320.73,60.04,28.14,High Stress
Tomate (Solanum lycopersicum),391.4,58.28,26.54,High Stress
Tomate (Solanum lycopersicum),365.76,68.49,20.38,Moderate Stress
Tomate (Solanum lycopersicum),769.84,69.96,22.61,High Stress
Tomate (Solanum lycopersicum),247.79,63.97,18.13,High Stress
Tomate (Solanum lycopersicum),986.25,40.46,22.24,High Stress
Tomate (Solanum lycopersicum),397.36,53.36,26.61,High Stress
Tomate (Solanum lycopersicum),590.33,60.16,22.99,Moderate Stress
Tomate (Solanum lycopersicum),646.27,47.98,20.61,High Stress
Tomate (Solanum lycopersicum),868.95,49.12,20.87,High Stress
Tomate (Solanum lycopersicum),877.8,57.28,21.32,Moderate Stress
Tomate (Solanum lycopersicum),348.28,69.12,29.89,Healthy
Tomate (Solanum lycopersicum),846.74,60.45,21.92,Healthy
Tomate (Solanum lycopersicum),206.15,57.56,27.65,High Stress
Tomate (Solanum lycopersicum),787.05,59.8,18.13,Healthy
Tomate (Solanum lycopersicum),799.16,63.56,23.18,Moderate Stress
Tomate (Solanum lycopersicum),990.13,49.18,29.4,Healthy
Tomate (Solanum lycopersicum),851.85,47.94,26.2,Moderate Stress
Tomate (Solanum lycopersicum),539.15,50.27,21.21,Healthy
Tomate (Solanum lycopersicum),212.62,67.05,27.67,Healthy
Tomate (Solanum lycopersicum),319.7,68.12,18.2,High Stress
Tomate (Solanum lycopersicum),884.61,64.57,26.16,Moderate Stress
Tomate (Solanum lycopersicum),751.67,40.41,19.34,High Stress
Tomate (Solanum lycopersicum),352.51,63.79,20.18,Moderate Stress
Tomate (Solanum lycopersicum),778.36,53.05,23.75,High Stress
Tomate (Solanum lycopersicum),228.89,54.44,20.28,Healthy
Tomate (Solanum lycopersicum),682.97,47.58,22.8,High Stress
Tomate (Solanum lycopersicum),824.69,61.9,25.16,Healthy
Tomate (Solanum lycopersicum),861.07,48.55,18.94,Healthy
Tomate (Solanum lycopersicum),440.26,58.68,23.74,High Stress
Tomate (Solanum lycopersicum),724.22,42.49,23.85,High Stress
Tomate (Solanum lycopersicum),576.6,50.11,22.16,Healthy
Tomate (Solanum lycopersicum),563.33,55.72,27.22,Moderate Stress
Tomate (Solanum lycopersicum),345.96,50.69,23.36,Moderate Stress
Tomate (Solanum lycopersicum),985.97,55.32,29.62,High Stress
Tomate (Solanum lycopersicum),829.86,53.02,24.76,Moderate Stress
Tomate (Solanum lycopersicum),533.57,48.39,23.27,Moderate Stress
Tomate (Solanum lycopersicum),577.18,67.25,23.14,High Stress
Tomate (Solanum lycopersicum),310.14,55.38,19.78,Healthy
Tomate (Solanum lycopersicum),899.74,68.9,27.4,High Stress
Tomate (Solanum lycopersicum),301.64,68.95,28.08,Moderate Stress
Tomate (Solanum lycopersicum),760.91,42.5,23.35,High Stress
Tomate (Solanum lycopersicum),644.39,68.48,29.85,Moderate Stress
Tomate (Solanum lycopersicum),765.94,59.05,20.97,High Stress
Tomate (Solanum lycopersicum),782.7,42.02,22.39,Moderate Stress
Tomate (Solanum lycopersicum),746.92,68.69,23.86,Moderate Stress
Tomate (Solanum lycopersicum),226.63,51.78,26.37,High Stress
Tomate (Solanum lycopersicum),259.95,41.55,26.51,High Stress
Tomate (Solanum lycopersicum),227.04,61.26,21.08,Moderate Stress
Tomate (Solanum lycopersicum),303.24,44.89,27.65,Moderate Stress
Tomate (Solanum lycopersicum),985.43,68.46,27.88,High Stress
Tomate (Solanum lycopersicum),659.27,55.82,23.78,High Stress
Tomate (Solanum lycopersicum),232.16,60.76,24.7,High Stress
Tomate (Solanum lycopersicum),520.06,60.1,26.57,High Stress
Tomate (Solanum lycopersicum),575.0,61.52,20.3,Moderate Stress
Tomate (Solanum lycopersicum),751.05,41.19,25.02,High Stress
Tomate (Solanum lycopersicum),635.49,55.41,21.93,Moderate Stress
Tomate (Solanum lycopersicum),507.6,67.76,18.24,High Stress
Tomate (Solanum lycopersicum),360.83,44.02,28.86,High Stress
Tomate (Solanum lycopersicum),633.59,53.82,27.93,Moderate Stress
Tomate (Solanum lycopersicum),708.01,66.39,28.08,Moderate Stress
Tomate (Solanum lycopersicum),922.47,62.49,28.31,Moderate Stress
Tomate (Solanum lycopersicum),466.06,44.44,24.81,High Stress
Tomate (Solanum lycopersicum),243.98,42.8,21.14,Healthy
Tomate (Solanum lycopersicum),886.3,68.08,20.8,Healthy
Tomate (Solanum lycopersicum),815.32,50.29,21.59,Moderate Stress
Tomate (Solanum lycopersicum),959.09,65.89,18.41,Moderate Stress
Tomate (Solanum lycopersicum),423.65,56.41,26.4,Moderate Stress
Tomate (Solanum lycopersicum),732.78,41.01,24.25,High Stress
Tomate (Solanum lycopersicum),779.68,60.89,29.8,High Stress
Tomate (Solanum lycopersicum),659.88,52.39,22.31,High Stress
Tomate (Solanum lycopersicum),725.93,55.27,18.36,Healthy
Tomate (Solanum lycopersicum),317.74,43.04,18.85,High Stress
Tomate (Solanum lycopersicum),732.99,55.73,24.97,Healthy
Tomate (Solanum lycopersicum),394.67,48.91,27.71,High Stress
Tomate (Solanum lycopersicum),731.93,56.6,26.22,Healthy
Tomate (Solanum lycopersicum),745.02,55.13,21.72,Moderate Stress
Tomate (Solanum lycopersicum),337.28,52.32,27.74,Healthy
Tomate (Solanum lycopersicum),427.39,62.46,26.63,Moderate Stress
Tomate (Solanum lycopersicum),380.53,44.09,20.33,Moderate Stress
Tomate (Solanum lycopersicum),546.31,44.76,21.0,Healthy
Tomate (Solanum lycopersicum),731.09,68.77,22.1,High Stress
Tomate (Solanum lycopersicum),909.16,40.74,21.81,Healthy
Tomate (Solanum lycopersicum),609.23,43.28,18.81,Moderate Stress
Tomate (Solanum lycopersicum),659.16,46.55,27.08,Moderate Stress
Tomate (Solanum lycopersicum),440.63,44.9,29.36,Healthy
Tomate (Solanum lycopersicum),765.26,68.19,25.02,Moderate Stress
Tomate (Solanum lycopersicum),948.02,59.23,23.67,Moderate Stress
Tomate (Solanum lycopersicum),281.75,45.9,23.12,Moderate Stress
Tomate (Solanum lycopersicum),506.75,68.23,19.19,Healthy
Tomate (Solanum lycopersicum),663.59,51.84,21.25,Moderate Stress
Tomate (Solanum lycopersicum),737.08,40.85,28.89,High Stress
Tomate (Solanum lycopersicum),841.68,43.54,19.16,Healthy
Tomate (Solanum lycopersicum),468.63,65.52,28.72,Moderate Stress
Tomate (Solanum lycopersicum),835.32,50.34,26.7,Moderate Stress
Bonsái (Ficus retusa),416.58,54.2,22.36,Moderate Stress
Bonsái (Ficus retusa),928.02,58.05,19.29,Moderate Stress
Bonsái (Ficus retusa),960.99,48.51,28.26,High Stress
Bonsái (Ficus retusa),961.96,42.97,21.48,Moderate Stress
Bonsái (Ficus retusa),401.06,63.49,23.88,Healthy
Bonsái (Ficus retusa),458.2,50.44,20.09,High Stress
Bonsái (Ficus retusa),864.56,68.87,20.71,Moderate Stress
Bonsái (Ficus retusa),857.1,45.89,18.79,Moderate Stress
Bonsái (Ficus retusa),738.01,41.21,20.71,High Stress
Bonsái (Ficus retusa),305.52,51.24,22.9,Moderate Stress
Bonsái (Ficus retusa),449.48,40.98,19.85,High Stress
Bonsái (Ficus retusa),794.21,63.82,19.44,Healthy
Bonsái (Ficus retusa),278.05,53.29,23.16,High Stress
Bonsái (Ficus retusa),418.5,55.61,26.1,Moderate Stress
Bonsái (Ficus retusa),780.86,44.88,18.63,Healthy
Bonsái (Ficus retusa),896.65,48.24,21.17,High Stress
Bonsái (Ficus retusa),787.89,55.19,19.32,Healthy
Bonsái (Ficus retusa),481.37,45.8,24.17,High Stress
Bonsái (Ficus retusa),517.48,47.32,19.67,High Stress
Bonsái (Ficus retusa),317.92,64.26,19.88,Healthy
Bonsái (Ficus retusa),793.22,56.67,20.37,High Stress
Bonsái (Ficus retusa),213.65,62.4,18.79,Healthy
Bonsái (Ficus retusa),637.67,43.46,29.42,Healthy
Bonsái (Ficus retusa),649.31,42.9,20.12,Healthy
Bonsái (Ficus retusa),435.45,49.85,25.5,Healthy
Bonsái (Ficus retusa),452.87,43.93,29.55,Healthy
Bonsái (Ficus retusa),922.93,41.38,25.3,Moderate Stress
Bonsái (Ficus retusa),833.13,42.63,29.06,High Stress
Bonsái (Ficus retusa),570.78,67.59,27.33,High Stress
Bonsái (Ficus retusa),253.49,42.74,19.41,Moderate Stress
Bonsái (Ficus retusa),970.77,47.41,20.14,Moderate Stress
Bonsái (Ficus retusa),905.32,61.23,27.05,High Stress
Bonsái (Ficus retusa),418.73,59.02,27.49,Healthy
Bonsái (Ficus retusa),994.71,47.02,22.27,High Stress
Bonsái (Ficus retusa),758.78,61.17,18.99,Healthy
Bonsái (Ficus retusa),897.4,47.49,26.14,Healthy
Bonsái (Ficus retusa),894.02,45.93,29.86,Healthy
Bonsái (Ficus retusa),650.35,52.37,28.78,High Stress
Bonsái (Ficus retusa),266.78,64.57,27.74,High Stress
Bonsái (Ficus retusa),470.94,41.4,28.95,Healthy
Bonsái (Ficus retusa),341.28,59.14,26.54,Moderate Stress
Bonsái (Ficus retusa),987.19,59.35,24.16,High Stress
Bonsái (Ficus retusa),852.83,53.31,23.07,Healthy
Bonsái (Ficus retusa),365.23,49.98,23.62,Healthy
Bonsái (Ficus retusa),315.58,54.2,24.49,Moderate Stress
Bonsái (Ficus retusa),570.56,65.5,24.58,Moderate Stress
Bonsái (Ficus retusa),774.53,53.22,19.69,High Stress
Bonsái (Ficus retusa),717.64,51.18,19.07,Healthy
Bonsái (Ficus retusa),365.5,44.11,29.21,High Stress
Bonsái (Ficus retusa),869.45,66.36,18.41,High Stress
Bonsái (Ficus retusa),426.53,42.0,28.05,High Stress
Bonsái (Ficus retusa),960.92,41.17,21.0,Moderate Stress
Bonsái (Ficus retusa),988.55,53.47,29.88,Healthy
Bonsái (Ficus retusa),703.68,64.98,24.36,Healthy
Bonsái (Ficus retusa),761.89,69.11,24.26,Healthy
Bonsái (Ficus retusa),377.86,57.31,28.73,High Stress
Bonsái (Ficus retusa),494.08,49.37,19.8,Moderate Stress
Bonsái (Ficus retusa),647.95,48.98,18.41,Moderate Stress
Bonsái (Ficus retusa),432.14,56.58,22.95,High Stress
Bonsái (Ficus retusa),733.1,52.85,22.62,High Stress
Bonsái (Ficus retusa),873.34,65.34,26.61,Moderate Stress
Bonsái (Ficus retusa),668.91,63.81,20.16,High Stress
Bonsái (Ficus retusa),681.71,54.5,19.89,High Stress
Bonsái (Ficus retusa),590.3,43.93,20.32,High Stress
Bonsái (Ficus retusa),946.29,53.31,27.28,Healthy
Bonsái (Ficus retusa),964.93,50.84,28.49,Moderate Stress
Bonsái (Ficus retusa),459.14,66.86,25.34,Moderate Stress
Bonsái (Ficus retusa),294.98,64.28,27.77,Healthy
Bonsái (Ficus retusa),879.47,67.94,25.4,High Stress
Bonsái (Ficus retusa),488.04,53.24,19.42,High Stress
Bonsái (Ficus retusa),474.19,61.93,28.06,Moderate Stress
Bonsái (Ficus retusa),521.44,52.88,26.65,Moderate Stress
Bonsái (Ficus retusa),210.94,65.1,22.79,High Stress
Bonsái (Ficus retusa),853.56,47.66,19.71,Moderate Stress
Bonsái (Ficus retusa),676.39,52.0,18.35,High Stress
Bonsái (Ficus retusa),743.52,46.24,21.58,High Stress
Bonsái (Ficus retusa),827.62,56.27,22.08,Healthy
Bonsái (Ficus retusa),892.16,67.89,19.85,Healthy
Bonsái (Ficus retusa),634.44,54.18,19.39,Moderate Stress
Bonsái (Ficus retusa),233.73,60.99,29.58,High Stress
Bonsái (Ficus retusa),389.94,54.75,29.54,High Stress
Bonsái (Ficus retusa),811.46,55.84,19.28,High Stress
Bonsái (Ficus retusa),957.71,49.32,19.52,High Stress
Bonsái (Ficus retusa),894.7,52.82,22.26,High Stress
Bonsái (Ficus retusa),765.63,40.74,18.67,Moderate Stress
Bonsái (Ficus retusa),755.97,43.81,18.09,High Stress
Bonsái (Ficus retusa),591.62,52.08,20.89,High Stress
Bonsái (Ficus retusa),398.81,59.8,25.89,Healthy
Bonsái (Ficus retusa),667.13,64.66,26.08,Moderate Stress
Bonsái (Ficus retusa),375.54,52.08,25.03,Healthy
Bonsái (Ficus retusa),259.83,56.62,21.39,High Stress
Bonsái (Ficus retusa),508.56,44.33,25.91,High Stress
Bonsái (Ficus retusa),362.45,56.75,23.9,High Stress
Bonsái (Ficus retusa),795.08,55.25,25.15,Healthy
Bonsái (Ficus retusa),876.66,44.64,21.64,High Stress
Bonsái (Ficus retusa),433.42,46.01,20.81,High Stress
Bonsái (Ficus retusa),918.8,53.73,27.64,High Stress
Bonsái (Ficus retusa),285.83,67.46,29.06,Moderate Stress
Bonsái (Ficus retusa),736.74,69.46,22.8,High Stress
Bonsái (Ficus retusa),485.96,66.49,18.93,High Stress
Bonsái (Ficus retusa),596.0,53.84,20.29,High Stress
Bonsái (Ficus retusa),593.99,49.73,27.59,Moderate Stress
Bonsái (Ficus retusa),678.48,53.43,28.61,High Stress
Bonsái (Ficus retusa),977.95,55.98,26.96,Moderate Stress
Bonsái (Ficus retusa),989.5,44.67,21.99,Moderate Stress
Bonsái (Ficus retusa),398.05,62.11,23.98,Healthy
Bonsái (Ficus retusa),844.91,62.42,27.47,Moderate Stress
Bonsái (Ficus retusa),576.18,41.48,18.95,High Stress
Bonsái (Ficus retusa),569.19,64.39,22.36,Healthy
Bonsái (Ficus retusa),983.56,40.07,29.38,Moderate Stress
Bonsái (Ficus retusa),535.64,49.24,23.47,High Stress
Bonsái (Ficus retusa),574.36,56.5,22.97,Moderate Stress
Bonsái (Ficus retusa),840.61,58.0,22.48,Moderate Stress
Bonsái (Ficus retusa),941.07,59.14,18.39,High Stress
Bonsái (Ficus retusa),495.85,57.91,22.73,High Stress
Bonsái (Ficus retusa),486.69,40.44,23.14,High Stress
Bonsái (Ficus retusa),687.12,57.73,26.15,Moderate Stress
Bonsái (Ficus retusa),447.69,42.22,22.2,High Stress
Bonsái (Ficus retusa),365.63,45.91,20.74,Moderate Stress
Bonsái (Ficus retusa),945.94,68.09,26.47,High Stress
Aloe Vera (Aloe barbadensis),576.54,54.87,26.2,High Stress
Aloe Vera (Aloe barbadensis),735.89,62.39,24.22,High Stress
Aloe Vera (Aloe barbadensis),993.91,67.79,23.77,High Stress
Aloe Vera (Aloe barbadensis),237.05,61.13,23.04,Moderate Stress
Aloe Vera (Aloe barbadensis),874.03,40.48,20.67,Healthy
Aloe Vera (Aloe barbadensis),230.09,44.35,26.25,Moderate Stress
Aloe Vera (Aloe barbadensis),938.92,63.89,25.21,High Stress
Aloe Vera (Aloe barbadensis),324.96,60.47,23.2,High Stress
Aloe Vera (Aloe barbadensis),693.01,57.32,21.83,Moderate Stress
Aloe Vera (Aloe barbadensis),339.92,68.85,27.95,Healthy
Aloe Vera (Aloe barbadensis),878.69,55.35,26.75,High Stress
Aloe Vera (Aloe barbadensis),500.04,46.21,25.45,Moderate Stress
Aloe Vera (Aloe barbadensis),581.93,66.61,26.08,Healthy
Aloe Vera (Aloe barbadensis),579.4,62.75,24.84,High Stress
Aloe Vera (Aloe barbadensis),812.06,57.86,23.58,High Stress
Aloe Vera (Aloe barbadensis),542.85,45.01,28.67,High Stress
Aloe Vera (Aloe barbadensis),683.55,68.85,26.37,Healthy
Aloe Vera (Aloe barbadensis),644.01,47.71,24.4,Moderate Stress
Aloe Vera (Aloe barbadensis),776.02,67.37,27.98,High Stress
Aloe Vera (Aloe barbadensis),728.16,45.52,18.44,Healthy
Aloe Vera (Aloe barbadensis),230.67,65.37,23.99,Healthy
Aloe Vera (Aloe barbadensis),863.81,52.52,19.49,Moderate Stress
Aloe Vera (Aloe barbadensis),844.98,65.03,25.53,High Stress
Aloe Vera (Aloe barbadensis),652.62,45.78,26.42,Healthy
Aloe Vera (Aloe barbadensis),796.72,48.85,22.42,High Stress
Aloe Vera (Aloe barbadensis),460.77,46.33,20.38,High Stress
Aloe Vera (Aloe barbadensis),341.23,43.53,19.41,Moderate Stress
Aloe Vera (Aloe barbadensis),570.02,63.35,23.24,High Stress
Aloe Vera (Aloe barbadensis),924.53,55.2,18.27,High Stress
Aloe Vera (Aloe barbadensis),524.22,66.15,18.31,Moderate Stress
Aloe Vera (Aloe barbadensis),886.23,68.14,22.23,Healthy
Aloe Vera (Aloe barbadensis),545.54,66.81,20.59,High Stress
Aloe Vera (Aloe barbadensis),503.59,54.88,23.71,High Stress
Aloe Vera (Aloe barbadensis),296.38,49.46,18.33,Healthy
Aloe Vera (Aloe barbadensis),602.12,47.26,29.51,Moderate Stress
Aloe Vera (Aloe barbadensis),698.43,51.88,18.11,Healthy
Aloe Vera (Aloe barbadensis),816.75,40.84,27.92,High Stress
Aloe Vera (Aloe barbadensis),798.3,65.01,27.45,Moderate Stress
Aloe Vera (Aloe barbadensis),653.25,65.51,23.67,Healthy
Aloe Vera (Aloe barbadensis),402.29,54.2,22.68,Moderate Stress
Aloe Vera (Aloe barbadensis),373.43,57.16,20.04,Moderate Stress
Aloe Vera (Aloe barbadensis),922.06,69.48,22.27,Healthy
Aloe Vera (Aloe barbadensis),547.7,43.66,20.35,Healthy
Aloe Vera (Aloe barbadensis),745.61,52.72,20.84,High Stress
Aloe Vera (Aloe barbadensis),767.5,58.48,22.98,Healthy
Aloe Vera (Aloe barbadensis),518.6,63.35,25.36,Moderate Stress
Aloe Vera (Aloe barbadensis),945.49,43.88,27.07,High Stress
Aloe Vera (Aloe barbadensis),606.66,61.88,23.85,Healthy
Aloe Vera (Aloe barbadensis),662.94,53.11,29.95,Moderate Stress
Aloe Vera (Aloe barbadensis),333.61,51.05,28.75,Moderate Stress
Aloe Vera (Aloe barbadensis),318.92,50.28,19.46,Healthy
Aloe Vera (Aloe barbadensis),488.38,57.02,21.27,High Stress
Aloe Vera (Aloe barbadensis),237.75,63.43,25.14,High Stress
Aloe Vera (Aloe barbadensis),553.55,53.78,25.58,High Stress
Aloe Vera (Aloe barbadensis),769.1,48.82,28.25,Healthy
Aloe Vera (Aloe barbadensis),781.7,59.01,22.06,Moderate Stress
Aloe Vera (Aloe barbadensis),881.69,57.35,29.76,High Stress
Aloe Vera (Aloe barbadensis),337.98,42.42,20.57,Moderate Stress
Aloe Vera (Aloe barbadensis),370.42,43.47,27.56,High Stress
Aloe Vera (Aloe barbadensis),249.98,52.43,24.26,Healthy
Aloe Vera (Aloe barbadensis),888.0,48.21,22.37,High Stress
Aloe Vera (Aloe barbadensis),501.23,56.37,25.5,High Stress
Aloe Vera (Aloe barbadensis),955.81,41.73,29.08,Moderate Stress
Aloe Vera (Aloe barbadensis),468.51,52.5,25.17,High Stress
Aloe Vera (Aloe barbadensis),608.09,66.61,25.46,Healthy
Aloe Vera (Aloe barbadensis),245.73,45.41,25.96,Healthy
Aloe Vera (Aloe barbadensis),575.84,59.49,25.61,Moderate Stress
Aloe Vera (Aloe barbadensis),434.77,45.49,26.53,Moderate Stress
Aloe Vera (Aloe barbadensis),836.59,58.37,24.15,Moderate Stress
Aloe Vera (Aloe barbadensis),540.76,55.1,27.68,Moderate Stress
Aloe Vera (Aloe barbadensis),346.92,54.32,20.87,Moderate Stress
Aloe Vera (Aloe barbadensis),783.55,40.35,26.79,High Stress
Aloe Vera (Aloe barbadensis),802.39,45.78,18.53,High Stress
Aloe Vera (Aloe barbadensis),798.01,50.23,24.53,High Stress
Aloe Vera (Aloe barbadensis),391.1,57.29,19.03,High Stress
Aloe Vera (Aloe barbadensis),753.41,44.71,22.29,Healthy
Aloe Vera (Aloe barbadensis),976.68,44.65,24.69,High Stress
Aloe Vera (Aloe barbadensis),267.97,47.29,25.08,Moderate Stress
Aloe Vera (Aloe barbadensis),488.34,48.85,26.48,High Stress
Aloe Vera (Aloe barbadensis),750.72,55.97,23.6,High Stress
Aloe Vera (Aloe barbadensis),338.88,43.33,22.1,Moderate Stress
Aloe Vera (Aloe barbadensis),595.33,63.99,18.36,Healthy
Aloe Vera (Aloe barbadensis),618.07,41.13,22.28,Healthy
Aloe Vera (Aloe barbadensis),303.25,57.73,20.54,High Stress
Aloe Vera (Aloe barbadensis),720.53,61.91,22.41,High Stress
Aloe Vera (Aloe barbadensis),742.57,41.61,22.16,Moderate Stress
Aloe Vera (Aloe barbadensis),666.31,47.58,19.19,High Stress
Aloe Vera (Aloe barbadensis),932.34,67.56,25.38,Moderate Stress
Aloe Vera (Aloe barbadensis),725.36,48.46,20.07,Moderate Stress
Aloe Vera (Aloe barbadensis),759.32,69.94,24.71,High Stress
Aloe Vera (Aloe barbadensis),444.0,56.74,22.65,Healthy
Aloe Vera (Aloe barbadensis),696.06,43.4,20.65,High Stress
Aloe Vera (Aloe barbadensis),477.79,65.87,28.93,Moderate Stress
Aloe Vera (Aloe barbadensis),238.92,62.41,28.02,Moderate Stress
Aloe Vera (Aloe barbadensis),871.15,56.74,28.9,Moderate Stress
Aloe Vera (Aloe barbadensis),819.84,65.76,18.94,High Stress
Aloe Vera (Aloe barbadensis),835.06,41.06,23.92,High Stress
Aloe Vera (Aloe barbadensis),527.04,68.3,24.95,High Stress
Aloe Vera (Aloe barbadensis),615.65,49.48,18.34,High Stress
Aloe Vera (Aloe barbadensis),396.42,63.68,23.47,Moderate Stress
Aloe Vera (Aloe barbadensis),956.78,67.26,21.12,Healthy
Aloe Vera (Aloe barbadensis),863.43,68.62,21.24,High Stress
Aloe Vera (Aloe barbadensis),264.75,59.53,27.79,Moderate Stress
Aloe Vera (Aloe barbadensis),922.84,50.31,19.29,Moderate Stress
Aloe Vera (Aloe barbadensis),822.52,51.94,23.27,Healthy
Aloe Vera (Aloe barbadensis),535.37,56.7,27.81,High Stress
Aloe Vera (Aloe barbadensis),633.87,64.02,25.36,Healthy
Aloe Vera (Aloe barbadensis),239.1,48.59,21.61,High Stress
Aloe Vera (Aloe barbadensis),771.03,45.16,20.83,Moderate Stress
Aloe Vera (Aloe barbadensis),937.78,41.97,28.81,High Stress
Aloe Vera (Aloe barbadensis),297.25,51.24,21.83,Healthy
Aloe Vera (Aloe barbadensis),305.87,61.73,25.72,High Stress
Aloe Vera (Aloe barbadensis),522.22,49.15,23.16,Moderate Stress
Aloe Vera (Aloe barbadensis),397.09,43.88,29.04,Moderate Stress
Aloe Vera (Aloe barbadensis),343.77,63.3,22.92,High Stress
Aloe Vera (Aloe barbadensis),235.32,69.52,28.34,Moderate Stress
Aloe Vera (Aloe barbadensis),346.56,61.06,18.66,Moderate Stress
Aloe Vera (Aloe barbadensis),259.88,50.69,25.02,Moderate Stress
Aloe Vera (Aloe barbadensis),357.1,43.34,21.3,High Stress
Aloe Vera (Aloe barbadensis),864.69,43.0,22.62,High Stress
Menta (Mentha spicata),906.36,69.09,28.75,Moderate Stress
Menta (Mentha spicata),741.73,41.73,27.29,High Stress
Menta (Mentha spicata),668.9,55.82,28.39,Healthy
Menta (Mentha spicata),861.52,46.22,24.02,Moderate Stress
Menta (Mentha spicata),200.62,60.38,26.81,High Stress
Menta (Mentha spicata),292.88,46.12,26.6,Healthy
Menta (Mentha spicata),399.76,43.58,18.27,Healthy
Menta (Mentha spicata),680.42,64.36,29.91,High Stress
Menta (Mentha spicata),449.06,41.71,21.2,Moderate Stress
Menta (Mentha spicata),428.74,51.47,18.0,High Stress
Menta (Mentha spicata),272.18,68.86,28.98,High Stress
Menta (Mentha spicata),419.19,43.3,25.71,High Stress
Menta (Mentha spicata),436.49,63.05,20.15,High Stress
Menta (Mentha spicata),623.14,63.48,25.59,Healthy
Menta (Mentha spicata),719.04,51.38,21.14,High Stress
Menta (Mentha spicata),706.28,52.57,20.96,High Stress
Menta (Mentha spicata),801.84,57.65,21.26,High Stress
Menta (Mentha spicata),954.38,55.75,18.57,High Stress
Menta (Mentha spicata),570.69,57.7,20.72,High Stress
Menta (Mentha spicata),330.65,65.77,26.75,High Stress
Menta (Mentha spicata),618.11,45.27,21.71,Moderate Stress
Menta (Mentha spicata),306.74,62.15,23.88,Healthy
Menta (Mentha spicata),982.54,46.25,18.28,High Stress
Menta (Mentha spicata),868.11,68.49,27.83,High Stress
Menta (Mentha spicata),747.44,53.57,25.07,Moderate Stress
Menta (Mentha spicata),260.36,52.46,18.16,High Stress
Menta (Mentha spicata),449.94,61.33,23.22,Moderate Stress
Menta (Mentha spicata),379.43,47.99,18.96,Healthy
Menta (Mentha spicata),245.02,65.81,25.32,High Stress
Menta (Mentha spicata),324.26,69.47,20.62,High Stress
Menta (Mentha spicata),247.14,41.12,28.78,Healthy
Menta (Mentha spicata),844.76,43.92,21.4,High Stress
Menta (Mentha spicata),836.42,61.97,23.64,High Stress
Menta (Mentha spicata),285.88,44.43,22.7,Moderate Stress
Menta (Mentha spicata),247.37,40.33,20.55,High Stress
Menta (Mentha spicata),794.77,40.19,24.39,Moderate Stress
Menta (Mentha spicata),299.2,44.45,19.15,Moderate Stress
Menta (Mentha spicata),972.45,49.21,29.84,Healthy
Menta (Mentha spicata),282.92,59.32,22.29,Moderate Stress
Menta (Mentha spicata),795.43,46.01,25.75,Moderate Stress
Menta (Mentha spicata),717.63,55.53,20.25,Healthy
Menta (Mentha spicata),992.46,65.63,23.39,High Stress
Menta (Mentha spicata),815.81,56.52,20.62,High Stress
Menta (Mentha spicata),957.1,41.67,19.17,Healthy
Menta (Mentha spicata),456.78,64.16,25.47,Moderate Stress
Menta (Mentha spicata),505.91,66.55,20.02,High Stress
Menta (Mentha spicata),490.0,63.98,18.0,Moderate Stress
Menta (Mentha spicata),293.09,69.07,22.62,Healthy
Menta (Mentha spicata),794.25,53.27,19.7,High Stress
Menta (Mentha spicata),727.68,69.93,20.62,High Stress
Menta (Mentha spicata),999.86,55.33,26.87,Moderate Stress
Menta (Mentha spicata),207.81,42.21,20.92,Healthy
Menta (Mentha spicata),323.39,55.25,27.43,Moderate Stress
Menta (Mentha spicata),966.02,46.08,29.13,High Stress
Menta (Mentha spicata),623.49,60.51,22.14,Moderate Stress
Menta (Mentha spicata),837.2,49.58,28.43,Moderate Stress
Menta (Mentha spicata),444.89,55.82,24.04,Healthy
Menta (Mentha spicata),678.77,54.63,29.33,High Stress
Menta (Mentha spicata),392.61,68.22,23.55,Healthy
Menta (Mentha spicata),961.76,57.02,26.57,High Stress
Menta (Mentha spicata),487.52,54.62,25.29,High Stress
Menta (Mentha spicata),730.14,64.12,29.15,Healthy
Menta (Mentha spicata),441.36,40.04,28.31,Moderate Stress
Menta (Mentha spicata),871.67,43.55,20.5,High Stress
Menta (Mentha spicata),955.08,61.46,29.6,High Stress
Menta (Mentha spicata),537.69,42.77,20.2,Moderate Stress
Menta (Mentha spicata),563.47,46.72,25.49,High Stress
Menta (Mentha spicata),485.42,59.41,23.59,High Stress
Menta (Mentha spicata),835.34,55.81,24.85,High Stress
Menta (Mentha spicata),446.99,43.17,28.01,High Stress
Menta (Mentha spicata),889.07,47.13,21.78,Moderate Stress
Menta (Mentha spicata),666.91,66.33,20.32,Healthy
Menta (Mentha spicata),575.37,54.84,22.56,High Stress
Menta (Mentha spicata),338.36,66.93,28.42,High Stress
Menta (Mentha spicata),331.62,51.47,18.27,Healthy
Menta (Mentha spicata),986.15,60.6,21.82,High Stress
Menta (Mentha spicata),496.46,49.46,27.03,Moderate Stress
Menta (Mentha spicata),727.8,44.76,19.12,Moderate Stress
Menta (Mentha spicata),313.06,59.7,21.52,High Stress
Menta (Mentha spicata),609.43,55.03,25.18,High Stress
Menta (Mentha spicata),236.18,51.57,18.72,Moderate Stress
Menta (Mentha spicata),993.37,62.43,29.57,High Stress
Menta (Mentha spicata),662.08,62.2,27.65,Moderate Stress
Menta (Mentha spicata),202.51,68.05,18.05,Moderate Stress
Menta (Mentha spicata),855.3,47.31,28.9,Moderate Stress
Menta (Mentha spicata),600.71,41.23,27.78,High Stress
Menta (Mentha spicata),882.98,65.94,18.21,High Stress
Menta (Mentha spicata),682.15,55.64,26.54,High Stress
Menta (Mentha spicata),645.74,43.71,19.73,Healthy
Menta (Mentha spicata),787.34,49.03,28.57,High Stress
Menta (Mentha spicata),336.87,45.01,29.6,High Stress
Menta (Mentha spicata),605.25,51.72,28.14,Healthy
Menta (Mentha spicata),533.91,54.12,23.65,Moderate Stress
Menta (Mentha spicata),901.11,52.11,26.04,Healthy
Menta (Mentha spicata),297.03,58.18,23.45,High Stress
Menta (Mentha spicata),924.46,45.5,28.96,Healthy
Menta (Mentha spicata),870.21,63.4,28.62,Moderate Stress
Menta (Mentha spicata),229.31,50.28,20.13,Healthy
Menta (Mentha spicata),442.58,48.58,20.1,High Stress
Menta (Mentha spicata),321.5,45.5,29.51,Moderate Stress
Menta (Mentha spicata),802.74,54.43,26.83,High Stress
Menta (Mentha spicata),238.01,50.11,25.71,High Stress
Menta (Mentha spicata),623.46,57.13,21.25,Moderate Stress
Menta (Mentha spicata),560.83,50.61,19.49,Healthy
Menta (Mentha spicata),698.63,56.29,29.47,Healthy
Menta (Mentha spicata),729.94,69.74,27.38,Moderate Stress
Menta (Mentha spicata),442.68,67.28,26.67,Moderate Stress
Menta (Mentha spicata),675.06,53.84,23.87,Moderate Stress
Menta (Mentha spicata),855.85,40.63,20.31,Moderate Stress
Menta (Mentha spicata),325.38,44.92,28.19,High Stress
Menta (Mentha spicata),716.31,61.17,19.91,High Stress
Menta (Mentha spicata),712.77,61.87,23.99,Healthy
Menta (Mentha spicata),379.19,66.03,18.74,High Stress
Menta (Mentha spicata),897.82,55.38,24.09,High Stress
Menta (Mentha spicata),727.3,48.12,20.89,Healthy
Menta (Mentha spicata),279.03,68.1,21.17,High Stress
Menta (Mentha spicata),764.79,65.0,20.84,Healthy
Menta (Mentha spicata),951.3,61.29,28.82,Healthy
Menta (Mentha spicata),537.81,63.44,25.69,Moderate Stress
Menta (Mentha spicata),253.67,66.74,28.09,High Stress
Lavanda (Lavandula angustifolia),652.94,58.78,22.06,Moderate Stress
Lavanda (Lavandula angustifolia),300.42,43.35,25.43,Moderate Stress
Lavanda (Lavandula angustifolia),268.38,46.46,24.53,High Stress
Lavanda (Lavandula angustifolia),465.78,52.06,29.12,High Stress
Lavanda (Lavandula angustifolia),624.01,47.1,22.29,Moderate Stress
Lavanda (Lavandula angustifolia),623.86,69.8,24.85,High Stress
Lavanda (Lavandula angustifolia),553.23,46.54,21.78,Moderate Stress
Lavanda (Lavandula angustifolia),220.85,54.93,28.08,Moderate Stress
Lavanda (Lavandula angustifolia),863.84,67.08,22.25,Moderate Stress
Lavanda (Lavandula angustifolia),936.23,50.95,22.9,Healthy
Lavanda (Lavandula angustifolia),621.53,47.15,23.59,High Stress
Lavanda (Lavandula angustifolia),722.53,50.8,19.33,High Stress
Lavanda (Lavandula angustifolia),201.51,53.56,18.0,High Stress
Lavanda (Lavandula angustifolia),603.64,57.89,18.2,Moderate Stress
Lavanda (Lavandula angustifolia),314.08,41.43,27.28,High Stress
Lavanda (Lavandula angustifolia),542.84,59.02,28.42,High Stress
Lavanda (Lavandula angustifolia),661.56,67.36,19.73,High Stress
Lavanda (Lavandula angustifolia),432.38,45.37,26.37,High Stress
Lavanda (Lavandula angustifolia),356.1,68.46,23.38,High Stress
Lavanda (Lavandula angustifolia),977.25,55.99,21.03,Healthy
Lavanda (Lavandula angustifolia),392.31,63.83,29.61,Moderate Stress
Lavanda (Lavandula angustifolia),921.24,40.5,23.86,Moderate Stress
Lavanda (Lavandula angustifolia),720.57,62.79,26.44,High Stress
Lavanda (Lavandula angustifolia),263.2,41.36,26.09,Healthy
Lavanda (Lavandula angustifolia),654.35,52.15,25.24,High Stress
Lavanda (Lavandula angustifolia),341.06,40.65,22.71,High Stress
Lavanda (Lavandula angustifolia),731.1,56.04,22.22,High Stress
Lavanda (Lavandula angustifolia),491.87,44.83,29.66,High Stress
Lavanda (Lavandula angustifolia),449.48,54.26,18.84,Moderate Stress
Lavanda (Lavandula angustifolia),630.27,64.86,18.67,High Stress
Lavanda (Lavandula angustifolia),345.61,53.68,27.88,Moderate Stress
Lavanda (Lavandula angustifolia),619.08,69.97,25.82,Moderate Stress
Lavanda (Lavandula angustifolia),837.58,60.97,18.17,Healthy
Lavanda (Lavandula angustifolia),870.61,56.28,28.07,Healthy
Lavanda (Lavandula angustifolia),976.24,42.36,18.13,High Stress
Lavanda (Lavandula angustifolia),740.35,60.04,19.67,Moderate Stress
Lavanda (Lavandula angustifolia),784.39,59.76,27.21,Moderate Stress
Lavanda (Lavandula angustifolia),816.04,40.77,24.18,Moderate Stress
Lavanda (Lavandula angustifolia),940.57,69.04,21.71,Moderate Stress
Lavanda (Lavandula angustifolia),867.91,59.73,28.54,Moderate Stress
Lavanda (Lavandula angustifolia),880.68,42.21,21.63,Healthy
Lavanda (Lavandula angustifolia),517.31,56.91,21.1,Moderate Stress
Lavanda (Lavandula angustifolia),366.66,59.21,24.29,Healthy
Lavanda (Lavandula angustifolia),645.98,62.45,26.41,High Stress
Lavanda (Lavandula angustifolia),413.68,52.19,19.42,Healthy
Lavanda (Lavandula angustifolia),352.02,69.96,24.61,Moderate Stress
Lavanda (Lavandula angustifolia),416.94,50.32,26.43,High Stress
Lavanda (Lavandula angustifolia),448.76,69.66,20.91,High Stress
Lavanda (Lavandula angustifolia),679.19,62.5,27.08,Moderate Stress
Lavanda (Lavandula angustifolia),833.18,67.8,26.61,Healthy
Lavanda (Lavandula angustifolia),394.49,57.79,23.31,Healthy
Lavanda (Lavandula angustifolia),983.27,58.79,28.36,Moderate Stress
Lavanda (Lavandula angustifolia),363.92,63.97,24.63,High Stress
Lavanda (Lavandula angustifolia),554.35,67.76,20.48,Moderate Stress
Lavanda (Lavandula angustifolia),681.78,60.53,28.19,High Stress
Lavanda (Lavandula angustifolia),665.36,64.65,27.32,High Stress
Lavanda (Lavandula angustifolia),698.49,45.92,20.1,High Stress
Lavanda (Lavandula angustifolia),722.16,63.72,19.23,Healthy
Lavanda (Lavandula angustifolia),755.43,56.56,27.11,High Stress
Lavanda (Lavandula angustifolia),699.08,46.71,25.63,High Stress
Lavanda (Lavandula angustifolia),380.64,64.53,21.94,High Stress
Lavanda (Lavandula angustifolia),561.05,68.25,23.08,Healthy
Lavanda (Lavandula angustifolia),433.48,68.39,28.45,High Stress
Lavanda (Lavandula angustifolia),888.2,43.88,27.53,High Stress
Lavanda (Lavandula angustifolia),368.5,58.65,19.31,Moderate Stress
Lavanda (Lavandula angustifolia),885.27,59.69,27.85,Healthy
Lavanda (Lavandula angustifolia),918.49,64.6,23.88,Moderate Stress
Lavanda (Lavandula angustifolia),752.89,65.94,18.68,Healthy
Lavanda (Lavandula angustifolia),633.44,40.49,27.42,High Stress
Lavanda (Lavandula angustifolia),962.1,66.92,18.72,Moderate Stress
Lavanda (Lavandula angustifolia),226.55,41.06,22.24,High Stress
Lavanda (Lavandula angustifolia),730.75,65.51,24.19,Moderate Stress
Lavanda (Lavandula angustifolia),254.08,61.32,29.52,High Stress
Lavanda (Lavandula angustifolia),921.9,54.02,21.83,Moderate Stress
Lavanda (Lavandula angustifolia),812.52,51.63,20.72,Moderate Stress
Lavanda (Lavandula angustifolia),811.52,43.78,29.62,High Stress
Lavanda (Lavandula angustifolia),984.87,57.92,23.79,Moderate Stress
Lavanda (Lavandula angustifolia),352.45,67.0,24.19,Healthy
Lavanda (Lavandula angustifolia),894.76,57.38,29.64,High Stress
Lavanda (Lavandula angustifolia),423.12,67.18,27.04,High Stress
Lavanda (Lavandula angustifolia),767.79,51.17,22.33,High Stress
Lavanda (Lavandula angustifolia),547.91,62.27,28.05,Moderate Stress
Lavanda (Lavandula angustifolia),618.94,42.92,26.2,High Stress
Lavanda (Lavandula angustifolia),755.93,41.01,29.31,Healthy
Lavanda (Lavandula angustifolia),795.29,61.34,28.0,High Stress
Lavanda (Lavandula angustifolia),895.11,48.37,22.74,Healthy
Lavanda (Lavandula angustifolia),928.24,49.33,24.12,Healthy
Lavanda (Lavandula angustifolia),408.73,60.52,27.16,Moderate Stress
Lavanda (Lavandula angustifolia),340.89,43.9,22.0,Moderate Stress
Lavanda (Lavandula angustifolia),489.11,48.41,19.4,High Stress
Lavanda (Lavandula angustifolia),843.79,64.81,23.26,Moderate Stress
Lavanda (Lavandula angustifolia),766.36,48.58,21.37,High Stress
Lavanda (Lavandula angustifolia),261.95,62.59,24.49,High Stress
Lavanda (Lavandula angustifolia),441.18,63.53,21.5,Healthy
Lavanda (Lavandula angustifolia),926.16,56.48,23.72,Healthy
Lavanda (Lavandula angustifolia),833.17,45.46,29.61,High Stress
Lavanda (Lavandula angustifolia),509.24,46.84,25.03,Healthy
Lavanda (Lavandula angustifolia),338.53,54.61,28.21,Moderate Stress
Lavanda (Lavandula angustifolia),829.09,51.99,25.32,High Stress
Lavanda (Lavandula angustifolia),921.71,47.0,22.16,High Stress
Lavanda (Lavandula angustifolia),241.19,68.71,19.31,Moderate Stress
Lavanda (Lavandula angustifolia),505.77,46.33,22.23,High Stress
Lavanda (Lavandula angustifolia),618.38,59.97,26.83,Moderate Stress
Lavanda (Lavandula angustifolia),222.18,68.22,27.3,Healthy
Lavanda (Lavandula angustifolia),705.83,62.75,24.64,Healthy
Lavanda (Lavandula angustifolia),700.37,40.45,28.53,Healthy
Lavanda (Lavandula angustifolia),430.84,46.36,21.54,Healthy
Lavanda (Lavandula angustifolia),267.53,61.88,22.56,Healthy
Lavanda (Lavandula angustifolia),570.86,56.87,22.85,High Stress
Lavanda (Lavandula angustifolia),709.59,47.47,21.86,High Stress
Lavanda (Lavandula angustifolia),330.11,47.41,21.22,Moderate Stress
Lavanda (Lavandula angustifolia),424.44,53.1,25.54,Moderate Stress
Lavanda (Lavandula angustifolia),305.97,41.45,29.38,Moderate Stress
Lavanda (Lavandula angustifolia),859.51,46.78,21.89,High Stress
Lavanda (Lavandula angustifolia),434.77,41.62,27.78,Healthy
Lavanda (Lavandula angustifolia),650.54,54.67,27.61,Moderate Stress
Lavanda (Lavandula angustifolia),768.76,61.24,22.11,High Stress
Lavanda (Lavandula angustifolia),293.64,40.69,21.68,Moderate Stress
Lavanda (Lavandula angustifolia),492.95,41.39,23.02,Healthy
Lavanda (Lavandula angustifolia),304.2,47.51,25.72,Moderate Stress
